period,0
after_negotiation,4.7518031331796236
before_negotiation,7.928715538156295
during_negotiation,2.9358288140259443
no_negotiation,4.281340117622908
before_vs_during,-0.9075282820096203
during_vs_after,0.5005960277427538
before_vs_after,-3.305856623258782
